,source_collider_name,target_collider_name,ColliderBoundsCenter.x,ColliderBoundsCenter.y,ColliderBoundsCenter.z,transformed_collidercenter_x,transformed_collidercenter_y
0,Building_100,Building_100,27.202402114868164,4.637518405914307,66.57487487792969,2160.8522452542643,2321.450564588351
1,Building_101,Building_101,29.17999267578125,9.017884254455566,109.73999786376952,2168.81029558556,2499.573289242928
2,Building_102,Building_102,10.69999885559082,9.02268123626709,135.19999694824222,2092.4518989586886,2604.8532458121836
3,Building_103,Building_103,44.7674560546875,6.79039478302002,161.12020874023438,2232.8770850835776,2711.561030543009
4,Building_104,Building_104,148.5027313232422,5.2815656661987305,50.124671936035156,2660.6485244107557,2252.76962460452
5,Building_105,Building_105,137.68792724609378,7.259279251098633,33.32058334350586,2616.168136920541,2183.582942580469
6,Building_106,Building_106,127.52989196777344,5.778831481933594,24.599010467529297,2574.372539076278,2147.701428397483
7,Building_107,Building_107,121.65188598632812,4.01520586013794,19.826684951782227,2550.1854682502544,2128.068523560595
8,Building_108,Building_108,96.24544525146484,8.327917098999022,7.574158668518066,2445.605841438989,2077.715322130166
9,Building_109,Building_109,79.58999633789062,5.419436454772949,-6.719999313354492,2377.055393562748,2018.891525115278
10,Building_110,Building_110,137.79450988769528,10.273689270019533,-6.6610355377197275,2616.6950635524554,2018.8446927731316
11,Building_111,Building_111,115.18063354492188,4.248273849487306,-17.338024139404293,2523.642250219051,1974.968895212346
12,Building_112,Building_112,122.61356353759766,4.277027606964111,-25.33293151855469,2554.25908482775,1942.0009161160483
13,Building_113,Building_113,162.10000610351562,2.582098960876465,-28.79999923706055,2716.7422559927395,1927.5498663019775
14,Building_114,Building_114,133.70774841308594,4.242033958435059,-34.51317977905273,2599.939606906013,1904.142315404435
15,Building_115,Building_combined_115_116,181.19700622558594,2.8868404626846313,-47.746999740600586,2795.310637919968,1849.466877351947
16,Building_116,Building_combined_115_116,181.19700622558594,2.8868404626846313,-47.746999740600586,2795.310637919968,1849.466877351947
17,Building_117,Building_117,162.06591796875,6.1245670318603525,-62.54539108276367,2716.6587432890515,1788.6186297273498
18,Building_118,Building_118,150.82839965820312,5.28948974609375,-71.11260223388672,2670.4541011935494,1753.388824356242
19,Building_119,Building_119,178.46682739257812,2.83766508102417,-70.6659927368164,2784.114505980821,1755.1432585942216
20,Building_120,Building_120,172.78074645996094,1.6393251419067385,-75.24404907226562,2760.7412672651776,1736.319327969646
21,Building_121,Building_121,167.8104705810547,1.686811447143555,-80.77600860595703,2740.3121214531343,1713.5670797412722
22,Building_122,Building_122,121.27025604248048,5.900312423706055,-75.8892822265625,2548.859536891872,1733.8122593940188
23,Building_123,Building_123,80.66999816894531,-0.4421238899230957,-124.7699966430664,2381.909823897775,1532.6799694916845
24,Building_124,Building_124,9.010000228881836,-0.18946075439453125,-150.55999755859375,2086.9055947303336,1426.584833935326
25,Building_125,Building_125,178.17999267578125,1.3929910659790041,-126.12000274658205,2783.00901658182,1526.990575313057
26,Building_126,Building_126,147.27513122558594,3.9286832809448238,-150.3643035888672,2655.99658029471,1427.3036921235775
27,Building_127,Building_127,140.87887573242188,3.893073081970215,-155.19805908203125,2629.705760964132,1407.426153000887
28,Building_128,Building_128,134.87091064453122,1.5423190593719482,-160.48095703125,2605.0115945473776,1385.7003339464923
29,Building_129,Building_129,179.5813446044922,-2.6200098991394043,-158.41506958007812,2788.811125997119,1394.1800707653406
30,Building_130,Building_130,190.1479949951172,-0.7394824028015137,-185.91249084472656,2832.2624075069307,1281.1412164865296
31,Building_131,Building_131,90.71190643310548,4.771505355834961,-156.75868225097656,2423.3457251237223,1401.0292172122727
32,Building_132,Building_132,76.27300262451172,1.1725621223449707,-163.11209106445312,2363.945077378096,1374.89305800189
33,Building_133,Building_133,58.28839111328125,1.172565460205078,-170.80441284179688,2289.9446706899207,1343.243894365377
34,Building_134,Building_134,104.45206451416016,1.0371165275573728,-206.9146423339844,2480.0279286089017,1194.736142094404
35,Building_135,Building_135,115.2725601196289,4.336860656738281,-211.79962158203125,2524.5436569237745,1174.6637394375502
36,Building_136,Building_136,145.62367248535156,0.4645748138427734,-313.5533142089844,2649.5376122296097,756.6778478493293
37,Building_137,Building_137,-22.310470581054688,1.8142752647399905,-153.60475158691406,1957.8487619278728,1414.0659462550984
38,Building_138,Building_138,-38.3696517944336,1.931509017944336,-167.06817626953125,1891.7265812575022,1358.6298939416556
39,Building_139,Building_139,-68.97200012207031,4.2055749893188485,-137.1458740234375,1765.335815713178,1481.896984573933
40,Building_140,Building_140,-65.2496337890625,3.0502817630767822,-111.2867202758789,1780.5200753845247,1588.4468417059707
41,Building_141,Building_141,-30.39999771118164,4.391777992248535,-82.76000213623047,1924.0881401067722,1705.9325400780576
42,Building_142,Building_142,-28.920000076293945,1.3520984649658203,-122.44000244140624,1930.4221682706677,1542.4321250440507
43,Building_143,Building_143,-2.813784599304199,2.9178779125213623,-90.6837387084961,2037.8718379615163,1673.2107234867021
44,Building_144,Building_144,-2.374078750610352,4.272003173828125,-56.25143432617188,2039.5040258907284,1815.0993152878777
45,Building_145,Building_145,13.617242813110352,4.364901542663573,-44.69503021240234,2105.3697571227526,1862.671506519664
46,Building_146,Building_146,12.330000877380373,5.710975646972656,4.199998378753662,2099.8228811665304,2064.2553593486264
47,Building_147,Building_147,-10.472625732421877,4.151418209075929,-10.492671966552734,2005.8650403154227,2003.7822650139356
48,Building_148,Building_148,5.345975875854492,4.824234962463379,21.70568084716797,2070.9354645424537,2136.4918383679806
49,Building_149,Building_149,-13.739566802978516,6.0797462463378915,26.662128448486328,1992.1867887728365,2157.0508385693947
50,Building_150,Building_150,-31.220001220703125,4.338981628417969,4.139999866485597,1920.196736956109,2064.2394728480886
51,Building_151,Building_151,-38.47553253173828,4.9075188636779785,16.264108657836914,1890.1863010494167,2114.2966838191915
52,Building_152,Building_152,-50.97449493408203,4.960152626037598,-40.93037033081055,1838.9630776737708,1878.4432069688792
53,Building_153,Building_153,-76.8909683227539,3.6935088634490967,-70.38645935058594,1732.2094862356107,1757.0727128655976
54,Building_154,Building_154,-110.82723999023438,6.640796661376952,-91.5829849243164,1592.2776962091611,1669.7663066591354
55,Building_155,Building_155,-115.60401916503906,9.240981101989746,-35.41337203979492,1572.122815650679,1901.4606292001313
56,Building_156,Building_156,-125.23141479492188,10.076058387756348,-45.75707244873047,1532.4387848219467,1858.8223468471801
57,Building_157,Building_157,-20.11000061035156,8.395151138305664,74.70999908447266,1965.6347896460072,2355.3705052324285
58,Building_158,Building_158,-27.739999771118164,5.871673583984375,105.54000091552734,1933.9669281187316,2482.7150077057986
59,Building_159,Building_159,-45.405540466308594,3.973102569580078,129.56098937988278,1860.8870170408254,2582.0802485035383
60,Building_160,Building_160,-68.42803955078125,4.5190935134887695,122.94426727294922,1765.8433874578807,2554.9536702141377
61,Building_161,Building_161,-56.61457061767578,11.379944801330565,104.1934814453125,1814.758394523974,2477.3962952716183
62,Building_162,Building_162,-45.982460021972656,10.830215454101562,82.10479736328125,1858.7986184552797,2386.094831213704
63,Building_163,Building_163,-107.4800033569336,5.933856010437013,88.94000244140625,1604.7384220900237,2414.803760950389
64,Building_164,Building_164,-100.92396545410156,7.8561344146728525,54.49261474609375,1632.0838709174552,2272.480044666683
65,Building_165,Building_165,-109.45008087158205,7.195075035095215,56.40354537963867,1596.843593781327,2280.4300297268474
66,Building_166,Building_166,-92.34432220458984,10.470218658447266,27.73042106628418,1667.7190409494567,2161.932685455761
67,Building_167,Building_167,-114.7021484375,5.382205009460449,12.18446159362793,1575.4820285140497,2097.889493896061
68,Building_168,Building_168,-121.5637435913086,5.427870750427246,6.17769193649292,1547.1811889577048,2073.13156241707
69,Building_169,Building_169,-134.37699890136722,9.026198387145996,23.31242179870605,1494.099680598258,2143.9441694060706
70,Building_170,Building_170,-135.84562683105472,5.168715953826903,70.78618621826172,1487.643528001832,2340.0248894132756
71,Building_171,Building_171,-157.22000122070312,11.872751235961914,46.88000106811523,1399.4794267967116,2241.4190859378778
72,Building_172,Building_172,-169.58494567871094,7.3830299377441415,23.406658172607425,1348.5601310288025,2144.5415116965605
73,Building_173,Building_173,-140.0968017578125,8.365323066711426,-10.051313400268556,1470.7357493565387,2006.236208927553
74,Building_174,Building_174,-162.90911102294922,6.820459365844727,-9.410902976989746,1376.4483837651626,2008.9918031143584
75,Building_175,Building_175,-179.75990295410156,8.109997749328612,-32.789844512939446,1306.9973623271705,1912.5548971500234
76,Building_176,Building_176,-61.46739196777344,6.519174575805664,166.6895751953125,1794.3088806464223,2735.651196254851
77,Building_177,Building_177,-152.21739196777344,6.088184833526611,181.7057037353516,1419.0145804591286,2798.692903266264
78,Building_178,Building_178,-156.25999450683594,8.890975952148438,126.27999877929688,1402.7659983300343,2569.5295873298455
79,Building_179,Building_179,-203.0485076904297,3.997824430465698,181.1629180908203,1208.6444674716192,2796.9932398843384
80,Building_180,Building_180,-203.49151611328125,10.251119613647461,137.8719482421875,1207.2274186120817,2617.9001642176427
81,Building_181,Building_181,-191.27410888671875,8.130260467529299,128.36837768554688,1257.8837797848448,2578.482697757763
82,Building_182,Building_182,-187.5364990234375,7.450413703918457,122.50381469726562,1273.4054408868785,2554.198056602847
83,Building_183,Building_183,-179.55237579345703,11.397711753845215,113.78693389892578,1306.5214028784073,2518.0863946218496
84,Building_184,Building_184,-233.69000244140625,7.119999885559082,177.1699981689453,1081.7933815089734,2780.796196444874
85,Building_185,Building_185,-273.33999633789057,9.057090759277344,172.3300018310547,917.5675890702473,2761.1804045696417
86,Building_186,Building_186,-263.51406860351557,7.518256187438965,118.37108612060548,958.877498254703,2537.7798345697593
87,Building_187,Building_187,-305.8082580566406,7.219430446624756,88.78561401367188,783.9671615479549,2415.735539371536
88,Building_188,Building_188,-312.9839782714844,6.780592918395996,146.93942260742188,753.5262325237986,2656.4680481157584
89,Building_189,Building_189,-330.0277099609375,6.273813724517822,123.08444213867188,683.1460758729368,2557.8768675345464
90,Building_190,Building_190,-333.1468505859375,2.534006357192993,182.2267608642578,669.4736789218907,2802.7978359766366
91,Building_192,Building_192,-394.48732503255206,5.390524705251058,147.19212341308594,415.38789152859425,2658.3063620295006
92,Building_193,Building_193,-408.5886637369792,3.859370390574137,129.9615046183268,357.08751027067973,2587.0667539249457
93,Building_194,Building_194,-361.9198913574219,8.654507637023926,98.45648193359376,551.1887896354352,2456.2085975826685
94,Building_195,Building_195,-381.419677734375,6.84745454788208,91.58637237548828,470.3818538065846,2427.9288543656157
95,Building_196,Building_196,-372.3200073242188,3.2039871215820312,65.01000213623047,508.4898326176517,2317.8643914280565
96,Building_197,Building_197,-403.9898376464844,6.26737117767334,71.26840209960938,377.0029459788477,2343.997552798667
97,Building_198,Building_198,-282.54290771484375,7.095789909362793,18.127166748046875,881.1763470515735,2123.3878438541615
98,Building_199,Building_199,-318.12432861328125,7.002060890197754,-16.966527938842773,734.201255302471,1978.527892240953
99,Building_200,Building_200,-337.22564697265625,5.176938056945801,22.85503387451172,654.5547689539537,2143.253416537237
100,Building_201,Building_201,-347.2813720703125,7.0292277336120605,0.2467622756958008,613.1594357172281,2049.8272325905427
101,Building_202,Building_202,-347.9932556152344,10.286787033081056,31.672134399414066,609.8068831849173,2179.7822131904413
102,Building_203,Building_203,-361.4877624511719,10.416288375854492,39.995094299316406,553.746352576812,2214.2936979501583
103,Building_204,Building_204,-373.132080078125,6.267110824584961,18.31917762756348,505.74403766538745,2124.704591826508
104,Building_205,Building_205,-405.89495849609375,7.577810128529866,45.42414855957031,369.45968098954535,2237.0461137371503
105,Building_206,Building_206,-475.1400146484375,4.922994613647461,34.52000045776367,82.13711407745869,2192.3590414448736
106,Building_207,Building_207,-401.7730407714844,7.073107719421388,-17.003284454345707,387.4354939806079,1978.7689887933298
107,Building_208,Building_208,-346.5611877441406,7.759173393249513,-41.4321174621582,616.6759191214275,1877.5397203039856
108,Building_209,Building_209,-317.0360107421875,9.511362075805664,-61.15814971923828,739.2446588306962,1795.9276942557212
109,Building_210,Building_210,-304.0008239746094,11.01127815246582,-71.55989074707031,793.3529217787682,1752.9216413456393
110,Building_211,Building_211,-306.7368469238281,6.9829769134521475,-103.82701873779295,782.4059930443594,1619.6839512208162
111,Building_212,Building_212,-271.57000732421875,8.061673164367676,-19.920001983642575,927.0399813334257,1966.1073291406274
112,Building_213,Building_213,-291.20001220703125,4.654793739318848,-44.959999084472656,846.0479948084721,1862.7476126849133
113,Building_214,Building_214,-246.6147766113281,16.987327575683597,-59.87648391723633,1030.7584235345564,1800.9837614502753
114,Building_215,Building_215,-266.1400146484375,10.149513244628906,-135.69999694824222,950.7906328259068,1488.066265157483
115,Building_216,Building_216,-271.8099975585937,10.14874267578125,-152.0399932861328,927.5132242060014,1420.6541645327397
116,Building_217,Building_217,-273.3538818359375,4.257871627807616,-166.71609497070312,921.2891502285729,1360.1112064383306
117,Building_218,Building_218,-274.2861328125,6.101561069488525,-172.2808837890625,917.4944848778922,1337.1569924527103
118,Building_219,Building_219,-268.75,2.780423164367676,-231.4700164794922,941.0482142292639,1093.0994929269527
119,Building_220,Building_220,-212.0521545410156,7.797959327697754,-167.68435668945312,1174.7856994146014,1356.110709411937
120,Building_221,Building_221,-185.5030670166016,2.44754695892334,-172.4401397705078,1284.5403120063665,1336.5036219100166
121,Building_222,Building_222,-182.35069274902344,4.548020362854004,-175.8959197998047,1297.5955213635152,1322.2592618219
122,Building_223,Building_223,-146.19305419921875,5.015111923217773,-206.26806640625,1447.1837875824299,1197.1281735499547
123,Building_224,Building_224,-140.301513671875,4.815113067626953,-211.0452423095703,1471.5442844184206,1177.456490472076
124,Building_225,Building_225,-90.99766540527344,1.4096784591674805,-266.19821166992193,1675.3849354178508,950.4859704574005
125,Building_226,Building_226,-22.029882431030273,0.02035236358642578,-269.2162475585937,1959.6591851179735,938.2711483693624
126,Building_227,Building_227,-10.74576187133789,-0.7634491920471191,-260.72171020507807,2006.09363415839,973.2410245527112
127,Building_228,Building_228,49.59001541137695,0.14548206329345706,-247.80999755859372,2254.4498784478074,1026.490279528462
128,Building_229,Building_229,-25.897090911865234,0.5334944725036621,-230.45997619628903,1943.5056557201265,1097.6998177225528
129,Building_230,Building_230,-73.4000015258789,0.10385632514953612,-181.0,1747.366086705153,1301.2541501487626
130,Building_231,Building_231,-93.6878890991211,-0.1626826524734497,-200.5218811035156,1663.8176746987208,1220.8467585858539
131,Building_232,Building_232,-103.883544921875,1.7444229125976562,-155.8984832763672,1621.4229269543528,1404.6582054673759
132,Building_233,Building_233,-114.06099700927734,4.7884483337402335,-170.7031707763672,1579.5321875685827,1343.6627203548687
133,Building_234,Building_234,-131.32925415039062,5.869434356689452,-124.8065185546875,1507.8856069373053,1532.8272026782652
134,Building_235,Building_235,-150.0033721923828,9.410090446472168,-118.75054931640624,1430.7145980740165,1557.8235426106257
135,Building_236,Building_236,-169.66864013671875,3.360518455505371,-117.83259582519531,1349.4678184879747,1561.6404267740018
136,Building_57,Building_57,397.9471740722656,4.1614365577697745,104.31138610839844,3685.6712743480693,2474.091484926447
137,Building_58,Building_58,391.365478515625,6.837270736694336,108.90286254882812,3658.6859958855994,2493.04784051051
138,Building_59,Building_59,385.2950439453125,6.547807693481445,114.11629486083984,3633.796509873137,2514.563247713509
139,Building_60,Building_60,380.6537170410156,3.719857931137085,118.42743682861328,3614.7651007402824,2532.3540048195478
140,Building_61,Building_61,371.5862731933594,4.2583956718444815,123.65705871582031,3577.5694614367653,2553.9683547910636
141,Building_62,Building_62,364.9214782714844,3.7930407524108887,131.42289733886722,3550.23584127932,2586.0103947923235
142,Building_63,Building_63,358.5458068847656,2.594700813293457,134.97830200195312,3524.073492954277,2600.71274106099
143,Building_64,Building_64,375.1610107421875,3.7990119457244873,73.83766174316406,3592.095296405087,2348.8385209038615
144,Building_65,Building_65,359.21160888671875,1.1946223974227903,75.5472640991211,3526.65413243097,2355.9936597264423
145,Building_66,Building_66,351.2803955078125,3.758931636810303,63.05953979492188,3494.0738833390956,2304.649727542631
146,Building_67,Building_67,332.99884033203125,3.0261034965515137,34.34879684448242,3418.977899412461,2186.607100356441
147,Building_68,Building_68,344.644287109375,-0.039331138134002686,112.04071807861328,3466.9480139991488,2506.3654446500295
148,Building_69,Building_69,315.65814208984375,4.773612976074219,72.82960510253906,3347.8560284997966,2345.1279738128633
149,Building_70,Building_70,304.4653015136719,5.161357879638672,65.26611328125,3301.879366647747,2314.06636329483
150,Building_71,Building_71,310.7568664550781,5.20828914642334,130.30659484863278,3327.816300743897,2581.9062534792283
151,Building_72,Building_72,302.9535217285156,4.856257915496826,135.18194580078122,3295.7653938705703,2602.0661851118566
152,Building_73,Building_73,284.596923828125,2.477804183959961,140.28572082519528,3220.3417153083487,2623.2701975866603
153,Building_74,Building_74,266.5995483398437,4.622803688049316,142.5792999267578,3146.368771109677,2632.893787898327
154,Building_75,Building_75,259.396484375,5.786465644836426,112.97472381591795,3116.743929922465,2510.9441253642617
155,Building_76,Building_76,273.12664794921875,4.832713127136231,59.60565948486328,3173.1403026917596,2290.9784925661243
156,Building_77,Building_77,261.18533325195307,4.77360725402832,64.31773376464844,3124.0749755888473,2310.469371689309
157,Building_78,Building_78,249.3648223876953,5.161352634429932,70.85691833496094,3075.4955235266625,2337.490351953256
158,Building_79,Building_79,240.76683044433597,3.588261127471924,79.6246566772461,3040.1525171080284,2373.675363876217
159,Building_80,Building_80,196.1184844970703,1.2036809921264648,89.19023132324219,2856.5303902314654,2413.4399319603995
160,Building_81,Building_81,303.0943603515625,5.55424690246582,86.8169174194336,3296.278258988035,2402.823072370904
161,Building_82,Building_82,285.2325134277344,5.220550537109375,88.42059326171875,3222.903229273813,2409.567986131029
162,Building_83,Building_83,289.29876708984375,6.042788028717041,10.889179229736328,3239.5269156607756,2090.3151090282017
163,Building_84,Building_84,234.78271484375,4.476346015930176,40.60113525390625,3015.5546626234486,2212.966677318368
164,Building_85,Building_85,211.22105407714844,6.507894515991211,54.94933319091797,2918.6764766804367,2272.226318470908
165,Building_86,Building_86,188.41261291503903,5.888459205627441,44.681636810302734,2824.876312598609,2230.075566539049
166,Building_87,Building_87,205.1768493652344,5.356637001037598,23.97187805175781,2893.8428675340374,2144.658516842002
167,Building_88,Building_88,224.9565887451172,4.701640129089356,11.138431549072266,2975.170050904893,2091.695308288755
168,Building_89,Building_89,252.61398315429688,1.4472637176513672,225.24366760253903,3088.8924754684917,2973.9532834681154
169,Building_90,Building_90,220.6957855224609,1.4993629455566406,219.92697143554688,2957.568250764861,2952.3952070550645
170,Building_91,Building_91,165.6999969482422,4.251777172088623,214.8999938964844,2731.1594177065995,2932.2941031848186
171,Building_92,Building_92,19.67999267578125,3.800617218017578,196.2700042724609,2129.2115366773946,2857.0211618877133
172,Building_93,Building_93,-23.75,8.095475196838379,241.9200134277344,1949.6572900090086,3046.231113184116
173,Building_94,Building_94,127.00870513916016,6.053620338439941,160.2508087158203,2571.8957853401193,2707.1439411692736
174,Building_95,Building_95,164.4762420654297,4.502962112426758,125.31675720214844,2726.2654970857275,2562.6602018573817
175,Building_96,Building_96,169.38710021972656,3.0040302276611333,112.85040283203124,2746.5002106190173,2511.205474058839
176,Building_97,Building_97,104.72164154052734,6.155435562133789,62.48524856567383,2480.3504501691564,2304.0280931389552
177,Building_98,Building_98,39.95870971679688,7.336197853088379,31.88677024841309,2213.6009450598863,2178.2750867551335
178,Building_99,Building_99,33.591934204101555,4.092914581298828,64.54079437255861,2187.2088051637475,2313.0123651508793
179,Castle-TaskBuilding_56,Castle-TaskBuilding_56,-414.4254455566406,22.77992248535156,-254.00875854492188,338.3173846917165,999.8372147799869
180,Garage_185,Garage_185,-265.0506880018446,3.176153712802463,154.1144765218099,952.1193950139674,2685.697368467124
181,Garage_224,Garage_224,-121.18413925170898,-1.0277831554412842,-224.03803634643555,1550.5487452345515,1123.9727091675554
182,Garage_235,Garage_235,-148.083984375,0.2931241989135742,-144.36163139343262,1438.8575723765987,1452.232738684857
183,Garage_26,TaskBuilding_26,86.7345199584961,5.826373100280763,43.92089080810547,2406.3142365233075,2227.6032909577007
184,Garage_46,TaskBuilding_46,-196.5953521728516,11.235241889953613,93.03152465820312,1236.1965770132592,2432.4227189902394
185,Garage_71,Building_71,310.7568664550781,5.20828914642334,130.30659484863278,3327.816300743897,2581.9062534792283
186,Garage_72,Building_72,302.9535217285156,4.856257915496826,135.18194580078122,3295.7653938705703,2602.0661851118566
187,Garage_86,Garage_86,331.6594696044922,-0.6206331253051758,104.78586959838867,3413.6194500581705,2476.596981664934
188,Garage_98,Garage_98,51.843570709228516,1.0387792587280271,37.39770317077637,2262.5660841206613,2200.928285729773
189,HighSilo-TaskBuilding_49,HighSilo-TaskBuilding_49,-250.7442321777344,32.95028686523437,310.0548095703125,1009.7261697263523,3331.4108941970144
190,House_10,House_10,339.5447082519531,5.255099296569824,163.68231201171875,3446.1216620081555,2719.1516990852533
191,House_49,House_49,-165.26495361328125,9.615623474121094,216.9559326171875,1364.7192059343824,2944.685763783062
192,TaskBuilding_1,TaskBuilding_1,255.1968078613281,4.1294898986816415,-19.178939819335934,3099.436621898842,1966.7416103137894
193,TaskBuilding_11,TaskBuilding_11,341.0544128417969,4.603509902954102,35.36420440673828,3452.042533539907,2190.735640900378
194,TaskBuilding_12,TaskBuilding_12,401.95611572265625,3.954777956008911,28.14706039428711,3701.8506071173247,2160.671126458483
195,TaskBuilding_13,TaskBuilding_13,293.76220703125,6.5632991790771475,60.54778289794922,3257.913677883763,2294.7139155796754
196,TaskBuilding_14,TaskBuilding_14,226.93492126464844,5.136594772338867,119.60343170166016,2983.271415947892,2538.547227347295
197,TaskBuilding_15,TaskBuilding_15,262.04397583007807,4.736551761627197,21.332172393798828,3127.583135458102,2133.4555164881467
198,TaskBuilding_17,TaskBuilding_17,173.58604431152344,3.637027263641357,-13.596824645996096,2763.964238200372,1990.103384867417
199,TaskBuilding_18,TaskBuilding_18,157.75799560546875,5.588665008544922,127.34817504882812,2698.603650110911,2571.099360195555
200,TaskBuilding_19,TaskBuilding_19,105.56478118896484,3.7055933475494394,217.7944641113281,2483.371804127239,2944.952782549567
201,TaskBuilding_2,TaskBuilding_2,197.3722686767578,-0.7910969257354736,234.4111633300781,2861.5546850030273,3012.45919777964
202,TaskBuilding_20,TaskBuilding_20,184.40614318847656,4.157533645629884,-67.14161682128906,2808.5293129647343,1769.6293289813957
203,TaskBuilding_21,TaskBuilding_21,151.5404815673828,3.660477638244629,-144.7864227294922,2673.5235238080404,1450.2426601006932
204,TaskBuilding_22,TaskBuilding_22,140.78382873535156,4.77358341217041,-50.6064682006836,2629.091224981029,1837.8436966028994
205,TaskBuilding_23,TaskBuilding_23,110.38451385498048,5.985386371612549,107.85749816894531,2503.5474340164487,2491.115626067207
206,TaskBuilding_24,TaskBuilding_24,107.98058319091795,4.913613796234131,-10.788455963134766,2493.9824293103056,2001.9869813149903
207,TaskBuilding_25,TaskBuilding_25,96.34375762939452,1.0421166419982908,-204.10931396484372,2446.6667103842183,1206.2632692466518
208,TaskBuilding_26,TaskBuilding_26,86.7345199584961,5.826373100280763,43.92089080810547,2406.3142365233075,2227.6032909577007
209,TaskBuilding_27,TaskBuilding_27,59.7733154296875,4.3683414459228525,100.34632110595705,2295.0021481873214,2460.5479175263263
210,TaskBuilding_28,TaskBuilding_28,73.22351837158203,5.254846572875977,-46.91973114013672,2350.97564365926,1853.2780262462852
211,TaskBuilding_29,TaskBuilding_29,32.79361343383789,8.603904724121094,158.7840118408203,2183.494494356208,2702.0336087849364
212,TaskBuilding_3,TaskBuilding_3,133.01303100585938,7.4029541015625,28.84263801574707,2596.9344822927146,2165.157167202
213,TaskBuilding_30,TaskBuilding_30,38.798423767089844,5.234082221984863,68.04755401611328,2208.660641314419,2327.442749324906
214,TaskBuilding_31,TaskBuilding_31,5.937710762023926,5.0466389656066895,-0.4098975658416748,2073.487760690893,2045.2788700541628
215,TaskBuilding_32,TaskBuilding_32,-3.333012342453003,0.5401525497436523,-255.8872833251953,2036.5992648930082,993.1444865553067
216,TaskBuilding_33,TaskBuilding_33,-6.148923397064209,4.344009399414063,-62.91694259643555,2023.9758887692083,1787.6402665915393
217,TaskBuilding_34,TaskBuilding_34,-36.32555770874024,7.075362205505371,136.05038452148438,1898.3415732791384,2608.8037153645328
218,TaskBuilding_35,TaskBuilding_35,-72.5422592163086,6.850490093231201,53.21768188476562,1749.3201696659205,2267.0219459793425
219,TaskBuilding_36,TaskBuilding_36,-51.155738830566406,4.593470573425293,-142.6034393310547,1838.8552538256367,1459.396542955135
220,TaskBuilding_37,TaskBuilding_37,-43.53242492675781,0.5041046142578125,-206.2279052734375,1870.681287639507,1197.4027999965806
221,TaskBuilding_38,TaskBuilding_38,-73.11088562011719,7.611976623535156,225.7325439453125,1745.8009515131096,2979.894877788466
222,TaskBuilding_39,TaskBuilding_39,-69.81210327148439,3.709461927413941,-65.89832305908203,1761.3929312658154,1775.5561444161858
223,TaskBuilding_4,TaskBuilding_4,45.8657455444336,0.8871684074401855,-122.19831085205078,2238.5960238632833,1543.316951983004
224,TaskBuilding_40,TaskBuilding_40,-110.28414154052734,7.979228973388673,137.35040283203122,1592.7826045915601,2614.867718418845
225,TaskBuilding_41,TaskBuilding_41,-141.29397583007812,8.494577407836914,61.51132583618164,1465.197246383621,2301.749509525237
226,TaskBuilding_42,TaskBuilding_42,-134.27241516113278,6.724177360534668,-4.547709465026856,1494.7578407470733,2028.924957764868
227,TaskBuilding_43,TaskBuilding_43,-133.73048400878906,7.392538070678711,-53.73505401611328,1497.3952785730694,1825.9387760303334
228,TaskBuilding_44,TaskBuilding_44,-125.4189453125,5.564156532287598,-129.80360412597656,1532.328936226249,1512.219745438023
229,TaskBuilding_45,TaskBuilding_45,-153.61904907226562,5.415101051330566,-203.0352783203125,1416.4975763221112,1210.4385030004296
230,TaskBuilding_46,TaskBuilding_46,-196.5953521728516,11.235241889953613,93.03152465820312,1236.1965770132592,2432.4227189902394
231,TaskBuilding_47,TaskBuilding_47,-189.6977844238281,5.869166374206543,-22.361103057861328,1265.8124294406975,1955.6518801471216
232,TaskBuilding_48,TaskBuilding_48,-195.6370086669922,7.350956439971924,-130.43405151367188,1242.272936851901,1509.7077237865692
233,TaskBuilding_5,TaskBuilding_5,-15.425823211669922,2.320032119750977,34.16613006591797,1985.1888299282991,2188.0204127484126
234,TaskBuilding_50,TaskBuilding_50,-237.3728485107422,8.486185073852539,18.52446746826172,1068.1836205103941,2124.769167979388
235,TaskBuilding_51,TaskBuilding_51,-238.28868103027344,9.141199111938477,180.34019470214844,1062.7118692168376,2793.966394158007
236,TaskBuilding_52,TaskBuilding_52,-247.1856689453125,4.570367813110352,54.48939514160156,1027.1870275333135,2273.4706829491097
237,TaskBuilding_53,TaskBuilding_53,-272.73309326171875,6.480216503143311,-177.39727783203125,923.9759955312746,1316.0537295510808
238,TaskBuilding_54,TaskBuilding_54,-335.7575378417969,7.647439956665039,61.26736068725586,660.159156469366,2302.1180069302945
239,TaskBuilding_55,TaskBuilding_55,-334.6470031738281,8.003196716308594,-5.076360702514648,665.5918567043778,2027.7553064922927
240,TaskBuilding_6,TaskBuilding_6,-166.9574432373047,9.406719207763672,137.21171569824222,1358.4191837900155,2614.826301736045
241,TaskBuilding_7,TaskBuilding_7,-193.1992492675781,6.050422191619872,-174.9850311279297,1252.7658707870187,1326.0125624933562
242,TaskBuilding_8,TaskBuilding_8,-310.80328369140625,3.3110134601593018,-93.5620574951172,765.4463113356092,1662.0774442810216
243,TaskBuilding_9,TaskBuilding_9,376.39068603515625,4.525108814239502,123.43377685546876,3597.286037902615,2553.0061387037704
244,Windmill-TaskBuilding_10_1,Windmill-TaskBuilding_10_1,299.42376708984375,12.84550666809082,190.60150146484372,3281.333981347783,2830.53259967892
245,building01_LOD0,Building_157,-20.11000061035156,8.395151138305664,74.70999908447266,1965.6347896460072,2355.3705052324285
246,building01_LOD1,Building_157,-20.11000061035156,8.395151138305664,74.70999908447266,1965.6347896460072,2355.3705052324285
247,building02_LOD0,Building_171,-157.22000122070312,11.872751235961914,46.88000106811523,1399.4794267967116,2241.4190859378778
248,church,Church-TaskBuilding_16,280.18487548828125,19.870624542236328,-90.92623138427734,3202.0086242737552,1671.5253217120526
249,crane_1,crane_1,-101.11407216389973,19.279706319173176,-24.5292911529541,1631.8823454558094,1946.3055106454003
250,crane_2,crane_2,-317.30506896972656,25.279850006103516,-164.52975463867188,739.3804488762412,1369.1388258626084
251,Building_191,Building_191,-363.5513610839844,3.1371593475341797,151.42752075195312,543.7251216376827,2675.5465760201946
252,Church-TaskBuilding_16,Church-TaskBuilding_16,280.18487548828125,19.870624542236328,-90.92623138427734,3202.0086242737552,1671.5253217120526
253,Building_combined_115_116,Building_combined_115_116,181.19700622558594,2.8868404626846313,-47.746999740600586,2795.310637919968,1849.466877351947
